create database vardb;


-- MySQL dump 10.17  Distrib 10.3.13-MariaDB, for Win64 (AMD64)
--
-- Host: localhost    Database: vardb
-- ------------------------------------------------------
-- Server version	10.3.13-MariaDB

/*!40101 SET @OLD_CHARACTER_SET_CLIENT=@@CHARACTER_SET_CLIENT */;
/*!40101 SET @OLD_CHARACTER_SET_RESULTS=@@CHARACTER_SET_RESULTS */;
/*!40101 SET @OLD_COLLATION_CONNECTION=@@COLLATION_CONNECTION */;
/*!40101 SET NAMES utf8mb4 */;
/*!40103 SET @OLD_TIME_ZONE=@@TIME_ZONE */;
/*!40103 SET TIME_ZONE='+00:00' */;
/*!40014 SET @OLD_UNIQUE_CHECKS=@@UNIQUE_CHECKS, UNIQUE_CHECKS=0 */;
/*!40014 SET @OLD_FOREIGN_KEY_CHECKS=@@FOREIGN_KEY_CHECKS, FOREIGN_KEY_CHECKS=0 */;
/*!40101 SET @OLD_SQL_MODE=@@SQL_MODE, SQL_MODE='NO_AUTO_VALUE_ON_ZERO' */;
/*!40111 SET @OLD_SQL_NOTES=@@SQL_NOTES, SQL_NOTES=0 */;

--
-- Table structure for table `appointment`
--

DROP TABLE IF EXISTS `appointment`;
/*!40101 SET @saved_cs_client     = @@character_set_client */;
/*!40101 SET character_set_client = utf8 */;
CREATE TABLE `appointment` (
  `id` bigint(20) NOT NULL,
  `confirmed` bit(1) NOT NULL,
  `date` datetime DEFAULT NULL,
  `description` varchar(255) DEFAULT NULL,
  `location` varchar(255) DEFAULT NULL,
  `user_id` bigint(20) DEFAULT NULL,
  PRIMARY KEY (`id`),
  KEY `FKa8m1smlfsc8kkjn2t6wpdmysk` (`user_id`),
  CONSTRAINT `FKa8m1smlfsc8kkjn2t6wpdmysk` FOREIGN KEY (`user_id`) REFERENCES `user` (`user_id`)
) ENGINE=InnoDB DEFAULT CHARSET=latin1;
/*!40101 SET character_set_client = @saved_cs_client */;

--
-- Dumping data for table `appointment`
--

LOCK TABLES `appointment` WRITE;
/*!40000 ALTER TABLE `appointment` DISABLE KEYS */;
/*!40000 ALTER TABLE `appointment` ENABLE KEYS */;
UNLOCK TABLES;

--
-- Table structure for table `hibernate_sequence`
--

DROP TABLE IF EXISTS `hibernate_sequence`;
/*!40101 SET @saved_cs_client     = @@character_set_client */;
/*!40101 SET character_set_client = utf8 */;
CREATE TABLE `hibernate_sequence` (
  `next_val` bigint(20) DEFAULT NULL
) ENGINE=InnoDB DEFAULT CHARSET=latin1;
/*!40101 SET character_set_client = @saved_cs_client */;

--
-- Dumping data for table `hibernate_sequence`
--

LOCK TABLES `hibernate_sequence` WRITE;
/*!40000 ALTER TABLE `hibernate_sequence` DISABLE KEYS */;
INSERT INTO `hibernate_sequence` VALUES (30),(30),(30),(30),(30),(30),(30);
/*!40000 ALTER TABLE `hibernate_sequence` ENABLE KEYS */;
UNLOCK TABLES;

--
-- Table structure for table `primary_account`
--

DROP TABLE IF EXISTS `primary_account`;
/*!40101 SET @saved_cs_client     = @@character_set_client */;
/*!40101 SET character_set_client = utf8 */;
CREATE TABLE `primary_account` (
  `id` bigint(20) NOT NULL,
  `account_balance` decimal(19,2) DEFAULT NULL,
  `account_number` int(11) NOT NULL,
  PRIMARY KEY (`id`)
) ENGINE=InnoDB DEFAULT CHARSET=latin1;
/*!40101 SET character_set_client = @saved_cs_client */;

--
-- Dumping data for table `primary_account`
--

LOCK TABLES `primary_account` WRITE;
/*!40000 ALTER TABLE `primary_account` DISABLE KEYS */;
INSERT INTO `primary_account` VALUES (1,94877.00,111111112),(5,102345.00,111111114),(13,98643.00,111111116),(21,5000.00,111111118),(26,0.00,111111120);
/*!40000 ALTER TABLE `primary_account` ENABLE KEYS */;
UNLOCK TABLES;

--
-- Table structure for table `primary_transaction`
--

DROP TABLE IF EXISTS `primary_transaction`;
/*!40101 SET @saved_cs_client     = @@character_set_client */;
/*!40101 SET character_set_client = utf8 */;
CREATE TABLE `primary_transaction` (
  `id` bigint(20) NOT NULL,
  `amount` double NOT NULL,
  `available_balance` decimal(19,2) DEFAULT NULL,
  `date` varchar(255) DEFAULT NULL,
  `description` varchar(255) DEFAULT NULL,
  `limit_exceded` varchar(255) DEFAULT NULL,
  `status` varchar(255) DEFAULT NULL,
  `type` varchar(255) DEFAULT NULL,
  `primary_account_id` bigint(20) DEFAULT NULL,
  PRIMARY KEY (`id`),
  KEY `FK643wtfdx6y0e093wlc09csehn` (`primary_account_id`),
  CONSTRAINT `FK643wtfdx6y0e093wlc09csehn` FOREIGN KEY (`primary_account_id`) REFERENCES `primary_account` (`id`)
) ENGINE=InnoDB DEFAULT CHARSET=latin1;
/*!40101 SET character_set_client = @saved_cs_client */;

--
-- Dumping data for table `primary_transaction`
--

LOCK TABLES `primary_transaction` WRITE;
/*!40000 ALTER TABLE `primary_transaction` DISABLE KEYS */;
INSERT INTO `primary_transaction` VALUES (9,10000,90000.00,'09-16-2019','Between account transfer from Primary to Savings',NULL,'Finished','Account',5),(10,123,99877.00,'09-16-2019','Between account transfer from Primary to Savings',NULL,'Finished','Account',1),(11,6000,93877.00,'09-16-2019','Between account transfer from Primary to Savings',NULL,'Finished','Account',1),(17,123,123333.00,'09-16-2019','Between account transfer from Primary to Savings',NULL,'Finished','Account',13),(18,12345,110988.00,'09-16-2019','Between account transfer from Primary to Savings',NULL,'Finished','Account',13),(19,12345,98643.00,'09-16-2019','Transfer to  user1(111111114)','yes','Finished','Transfer',13),(20,12345,102345.00,'09-16-2019','Recieved from  ganesh (111111116)','yes','Finished','Recieved',5),(25,5000,5000.00,'09-16-2019','Between account transfer from Primary to Savings',NULL,'Finished','Account',21);
/*!40000 ALTER TABLE `primary_transaction` ENABLE KEYS */;
UNLOCK TABLES;

--
-- Table structure for table `role`
--

DROP TABLE IF EXISTS `role`;
/*!40101 SET @saved_cs_client     = @@character_set_client */;
/*!40101 SET character_set_client = utf8 */;
CREATE TABLE `role` (
  `role_id` int(11) NOT NULL,
  `name` varchar(255) DEFAULT NULL,
  PRIMARY KEY (`role_id`)
) ENGINE=InnoDB DEFAULT CHARSET=latin1;
/*!40101 SET character_set_client = @saved_cs_client */;

--
-- Dumping data for table `role`
--

LOCK TABLES `role` WRITE;
/*!40000 ALTER TABLE `role` DISABLE KEYS */;
INSERT INTO `role` VALUES (0,'ROLE_USER'),(1,'ROLE_ADMIN');
/*!40000 ALTER TABLE `role` ENABLE KEYS */;
UNLOCK TABLES;

--
-- Table structure for table `savings_account`
--

DROP TABLE IF EXISTS `savings_account`;
/*!40101 SET @saved_cs_client     = @@character_set_client */;
/*!40101 SET character_set_client = utf8 */;
CREATE TABLE `savings_account` (
  `id` bigint(20) NOT NULL,
  `account_balance` decimal(19,2) DEFAULT NULL,
  `account_number` int(11) NOT NULL,
  PRIMARY KEY (`id`)
) ENGINE=InnoDB DEFAULT CHARSET=latin1;
/*!40101 SET character_set_client = @saved_cs_client */;

--
-- Dumping data for table `savings_account`
--

LOCK TABLES `savings_account` WRITE;
/*!40000 ALTER TABLE `savings_account` DISABLE KEYS */;
INSERT INTO `savings_account` VALUES (2,5123.00,111111113),(6,10000.00,111111115),(14,12468.00,111111117),(22,5000.00,111111119),(27,0.00,111111121);
/*!40000 ALTER TABLE `savings_account` ENABLE KEYS */;
UNLOCK TABLES;

--
-- Table structure for table `savings_transaction`
--

DROP TABLE IF EXISTS `savings_transaction`;
/*!40101 SET @saved_cs_client     = @@character_set_client */;
/*!40101 SET character_set_client = utf8 */;
CREATE TABLE `savings_transaction` (
  `id` bigint(20) NOT NULL,
  `amount` double NOT NULL,
  `available_balance` decimal(19,2) DEFAULT NULL,
  `date` varchar(255) DEFAULT NULL,
  `description` varchar(255) DEFAULT NULL,
  `limit_exceded` varchar(255) DEFAULT NULL,
  `status` varchar(255) DEFAULT NULL,
  `type` varchar(255) DEFAULT NULL,
  `savings_account_id` bigint(20) DEFAULT NULL,
  PRIMARY KEY (`id`),
  KEY `FK4bt1l2090882974glyn79q2s9` (`savings_account_id`),
  CONSTRAINT `FK4bt1l2090882974glyn79q2s9` FOREIGN KEY (`savings_account_id`) REFERENCES `savings_account` (`id`)
) ENGINE=InnoDB DEFAULT CHARSET=latin1;
/*!40101 SET character_set_client = @saved_cs_client */;

--
-- Dumping data for table `savings_transaction`
--

LOCK TABLES `savings_transaction` WRITE;
/*!40000 ALTER TABLE `savings_transaction` DISABLE KEYS */;
INSERT INTO `savings_transaction` VALUES (12,1000,5123.00,'09-16-2019','Between account transfer from Savings to Primary',NULL,'Finished','Transfer',2);
/*!40000 ALTER TABLE `savings_transaction` ENABLE KEYS */;
UNLOCK TABLES;

--
-- Table structure for table `user`
--

DROP TABLE IF EXISTS `user`;
/*!40101 SET @saved_cs_client     = @@character_set_client */;
/*!40101 SET character_set_client = utf8 */;
CREATE TABLE `user` (
  `user_id` bigint(20) NOT NULL,
  `email` varchar(255) NOT NULL,
  `enabled` bit(1) NOT NULL,
  `first_name` varchar(255) DEFAULT NULL,
  `last_name` varchar(255) DEFAULT NULL,
  `password` varchar(255) DEFAULT NULL,
  `phone` varchar(255) DEFAULT NULL,
  `username` varchar(255) DEFAULT NULL,
  `primary_account_id` bigint(20) DEFAULT NULL,
  `savings_account_id` bigint(20) DEFAULT NULL,
  PRIMARY KEY (`user_id`),
  UNIQUE KEY `UK_ob8kqyqqgmefl0aco34akdtpe` (`email`),
  KEY `FKbj0uoj9i40dory8w4t5ojyb9n` (`primary_account_id`),
  KEY `FKihums7d3g5cv9ehminfs1539e` (`savings_account_id`),
  CONSTRAINT `FKbj0uoj9i40dory8w4t5ojyb9n` FOREIGN KEY (`primary_account_id`) REFERENCES `primary_account` (`id`),
  CONSTRAINT `FKihums7d3g5cv9ehminfs1539e` FOREIGN KEY (`savings_account_id`) REFERENCES `savings_account` (`id`)
) ENGINE=InnoDB DEFAULT CHARSET=latin1;
/*!40101 SET character_set_client = @saved_cs_client */;

--
-- Dumping data for table `user`
--

LOCK TABLES `user` WRITE;
/*!40000 ALTER TABLE `user` DISABLE KEYS */;
INSERT INTO `user` VALUES (3,'admin@admin.com','','admin','admin','$2a$10$vUr924cmyxVl6hWNrWw9Cuw/YhRrrPp2Iw7FcjAgI1vP6FN8HnhL.','123456789','admin',1,2),(7,'user1@gmail.com','','user','1','$2a$10$QfyFtPAjHrJgY6xPpth3vuwARlUMvDDrVSZjuzLsN5vkKJ8xIMw72','1234567890','user1',5,6),(15,'ganeshjanamanchi9@gmail.com','','ganesh','j','$2a$10$nidfqzS6ZC2Zs8FfeiJepuZxByvEzFquPR2PUqnSVljIAsU2iQcfO','1324657890','ganesh',13,14),(23,'sainikhil@k.com','','sai nikhil','k','$2a$10$FNX0AUczAXmxt/G78FRpZuOUQwIbSCNSfzU1HflGBXWmH3hdmZm1S','7989746546','sainikhil',21,22),(28,'disableduser@enable.com','\0','d_user','d_user','$2a$10$/Uw8TyFr.RmOkvND2f6zO.bCn.2QwL.KLHnT6/l1nr9r3P7E8zv.m','789456132','d_user',26,27);
/*!40000 ALTER TABLE `user` ENABLE KEYS */;
UNLOCK TABLES;

--
-- Table structure for table `user_role`
--

DROP TABLE IF EXISTS `user_role`;
/*!40101 SET @saved_cs_client     = @@character_set_client */;
/*!40101 SET character_set_client = utf8 */;
CREATE TABLE `user_role` (
  `user_role_id` bigint(20) NOT NULL,
  `role_id` int(11) DEFAULT NULL,
  `user_id` bigint(20) DEFAULT NULL,
  PRIMARY KEY (`user_role_id`),
  KEY `FKa68196081fvovjhkek5m97n3y` (`role_id`),
  KEY `FK859n2jvi8ivhui0rl0esws6o` (`user_id`),
  CONSTRAINT `FK859n2jvi8ivhui0rl0esws6o` FOREIGN KEY (`user_id`) REFERENCES `user` (`user_id`),
  CONSTRAINT `FKa68196081fvovjhkek5m97n3y` FOREIGN KEY (`role_id`) REFERENCES `role` (`role_id`)
) ENGINE=InnoDB DEFAULT CHARSET=latin1;
/*!40101 SET character_set_client = @saved_cs_client */;

--
-- Dumping data for table `user_role`
--

LOCK TABLES `user_role` WRITE;
/*!40000 ALTER TABLE `user_role` DISABLE KEYS */;
INSERT INTO `user_role` VALUES (4,1,3),(8,0,7),(16,0,15),(24,1,23),(29,0,28);
/*!40000 ALTER TABLE `user_role` ENABLE KEYS */;
UNLOCK TABLES;
/*!40103 SET TIME_ZONE=@OLD_TIME_ZONE */;

/*!40101 SET SQL_MODE=@OLD_SQL_MODE */;
/*!40014 SET FOREIGN_KEY_CHECKS=@OLD_FOREIGN_KEY_CHECKS */;
/*!40014 SET UNIQUE_CHECKS=@OLD_UNIQUE_CHECKS */;
/*!40101 SET CHARACTER_SET_CLIENT=@OLD_CHARACTER_SET_CLIENT */;
/*!40101 SET CHARACTER_SET_RESULTS=@OLD_CHARACTER_SET_RESULTS */;
/*!40101 SET COLLATION_CONNECTION=@OLD_COLLATION_CONNECTION */;
/*!40111 SET SQL_NOTES=@OLD_SQL_NOTES */;

-- Dump completed on 2019-09-16 21:21:00
